odi:Chapter	odi:includes
capitoloUno	storiaUno
capitoloDue	storiaDue
capitoloTre	storiaTre
capitoloQuattro	storiaQuattro
capitoloCinque	storiaCinque
capitoloSei	storiaSei
Tuttelealtrestorie	TuttelealtrestorieUno
Tuttelealtrestorie	TuttelealtrestorieUno
Tuttelealtrestorie	TuttelealtrestorieUno
Tuttelealtrestorie	TuttelealtrestorieUno
Tuttelealtrestorie	TuttelealtrestorieUno
Tuttelealtrestorie	TuttelealtrestorieUno
Tuttelealtrestorie	TuttelealtrestorieUno
Tuttelealtrestorie	TuttelealtrestorieUno
Tuttelealtrestorie	TuttelealtrestorieUno
Tuttelealtrestorie	TuttelealtrestorieUno
Tuttelealtrestorie	TuttelealtrestorieUno
Tuttelealtrestorie	TuttelealtrestorieUno
Tuttelealtrestorie	TuttelealtrestorieUno
Tuttelealtrestorie	TuttelealtrestorieUno
Tuttelealtrestorie	TuttelealtrestorieUno
Tuttelealtrestorie	TuttelealtrestorieUno
Tuttelealtrestorie	TuttelealtrestorieUno
Tuttelealtrestorie	TuttelealtrestorieUno
Tuttelealtrestorie	TuttelealtrestorieDue
Tuttelealtrestorie	TuttelealtrestorieDue
Tuttelealtrestorie	TuttelealtrestorieDue
Tuttelealtrestorie	TuttelealtrestorieDue
Tuttelealtrestorie	TuttelealtrestorieDue
Tuttelealtrestorie	TuttelealtrestorieDue
Tuttelealtrestorie	TuttelealtrestorieDue
Tuttelealtrestorie	TuttelealtrestorieDue
Tuttelealtrestorie	TuttelealtrestorieDue
Tuttelealtrestorie	TuttelealtrestorieDue
Tuttelealtrestorie	TuttelealtrestorieDue
Tuttelealtrestorie	TuttelealtrestorieDue
Tuttelealtrestorie	TuttelealtrestorieDue
Tuttelealtrestorie	TuttelealtrestorieDue
Tuttelealtrestorie	TuttelealtrestorieDue
Tuttelealtrestorie	TuttelealtrestorieTre
Tuttelealtrestorie	TuttelealtrestorieDue
Tuttelealtrestorie	TuttelealtrestorieDue
Tuttelealtrestorie	TuttelealtrestorieDue
Tuttelealtrestorie	TuttelealtrestorieDue
Tuttelealtrestorie	TuttelealtrestorieDue
Tuttelealtrestorie	TuttelealtrestorieDue
Tuttelealtrestorie	TuttelealtrestorieDue
Tuttelealtrestorie	TuttelealtrestorieDue
Tuttelealtrestorie	TuttelealtrestorieDue
Tuttelealtrestorie	TuttelealtrestorieDue
Tuttelealtrestorie	TuttelealtrestorieDue
Tuttelealtrestorie	TuttelealtrestorieDue
Tuttelealtrestorie	TuttelealtrestorieDue
Tuttelealtrestorie	TuttelealtrestorieDue
Tuttelealtrestorie	TuttelealtrestorieDue
Tuttelealtrestorie	TuttelealtrestorieQuattro
Tuttelealtrestorie	TuttelealtrestorieQuattro
Tuttelealtrestorie	TuttelealtrestorieQuattro
Tuttelealtrestorie	TuttelealtrestorieQuattro
Tuttelealtrestorie	TuttelealtrestorieQuattro
Tuttelealtrestorie	TuttelealtrestorieQuattro
Tuttelealtrestorie	TuttelealtrestorieQuattro
Tuttelealtrestorie	TuttelealtrestorieQuattro
Tuttelealtrestorie	TuttelealtrestorieQuattro
Tuttelealtrestorie	TuttelealtrestorieQuattro
Tuttelealtrestorie	TuttelealtrestorieQuattro
Tuttelealtrestorie	TuttelealtrestorieQuattro
Tuttelealtrestorie	TuttelealtrestorieQuattro
Tuttelealtrestorie	TuttelealtrestorieQuattro
Tuttelealtrestorie	TuttelealtrestorieQuattro
Tuttelealtrestorie	TuttelealtrestorieQuattro
Tuttelealtrestorie	TuttelealtrestorieCinque
Tuttelealtrestorie	TuttelealtrestorieCinque
Tuttelealtrestorie	TuttelealtrestorieCinque
Tuttelealtrestorie	TuttelealtrestorieCinque
Tuttelealtrestorie	TuttelealtrestorieCinque
Tuttelealtrestorie	TuttelealtrestorieCinque
Tuttelealtrestorie	TuttelealtrestorieCinque
Tuttelealtrestorie	TuttelealtrestorieCinque
Tuttelealtrestorie	TuttelealtrestorieCinque
Tuttelealtrestorie	TuttelealtrestorieCinque
Tuttelealtrestorie	TuttelealtrestorieCinque
Tuttelealtrestorie	TuttelealtrestorieCinque
Tuttelealtrestorie	TuttelealtrestorieCinque
Tuttelealtrestorie	TuttelealtrestorieSei
Tuttelealtrestorie	TuttelealtrestorieSei
Tuttelealtrestorie	TuttelealtrestorieSei
Tuttelealtrestorie	TuttelealtrestorieSei
Tuttelealtrestorie	TuttelealtrestorieSei
Tuttelealtrestorie	TuttelealtrestorieSei
Tuttelealtrestorie	TuttelealtrestorieSei
Tuttelealtrestorie	TuttelealtrestorieSei
Tuttelealtrestorie	TuttelealtrestorieSei
Tuttelealtrestorie	TuttelealtrestorieSei
Tuttelealtrestorie	TuttelealtrestorieSei
Tuttelealtrestorie	TuttelealtrestorieSei
Tuttelealtrestorie	TuttelealtrestorieSei
Tuttelealtrestorie	TuttelealtrestorieSei
Tuttelealtrestorie	TuttelealtrestorieSei
Tuttelealtrestorie	TuttelealtrestorieSei
Tuttelealtrestorie	TuttelealtrestorieSei
Tuttelealtrestorie	TuttelealtrestorieSei